<?xml version="1.0" encoding="UTF-8"?>
<project-private xmlns="http://www.netbeans.org/ns/project-private/1">
    <editor-bookmarks xmlns="http://www.netbeans.org/ns/editor-bookmarks/2" lastBookmarkId="0"/>
    <open-files xmlns="http://www.netbeans.org/ns/projectui-open-files/2">
        <group>
            <file>file:/D:/Proyectos/ImportadoraPoe/ProyectoPoe/src/com/vistas/FrmCategorias.java</file>
            <file>file:/D:/Proyectos/ImportadoraPoe/ProyectoPoe/src/com/dao/DaoDetalleOferta.java</file>
            <file>file:/D:/Proyectos/ImportadoraPoe/ProyectoPoe/src/com/dao/DaoCategoria.java</file>
            <file>file:/D:/Proyectos/ImportadoraPoe/ProyectoPoe/src/com/pojos/Categoria.java</file>
            <file>file:/D:/Proyectos/ImportadoraPoe/ProyectoPoe/src/com/pojos/Categoria.hbm.xml</file>
            <file>file:/D:/Proyectos/ImportadoraPoe/ProyectoPoe/src/hibernate.cfg.xml</file>
            <file>file:/D:/Proyectos/ImportadoraPoe/ProyectoPoe/src/com/vistas/FrmImpuestos.java</file>
            <file>file:/D:/Proyectos/ImportadoraPoe/ProyectoPoe/src/com/dao/DaoImpuestos.java</file>
            <file>file:/D:/Proyectos/ImportadoraPoe/ProyectoPoe/src/hibernate.reveng.xml</file>
            <file>file:/D:/Proyectos/ImportadoraPoe/ProyectoPoe/src/com/vistas/Test.java</file>
            <file>file:/D:/Proyectos/ImportadoraPoe/ProyectoPoe/src/com/vistas/FrmPrincipalAdministrador.java</file>
            <file>file:/D:/Proyectos/ImportadoraPoe/ProyectoPoe/src/com/vistas/FrmClientes.java</file>
            <file>file:/D:/Proyectos/ImportadoraPoe/ProyectoPoe/src/com/vistas/FrmDetalleOfertas.java</file>
        </group>
    </open-files>
</project-private>
