<?xml version="1.0"?>
<!DOCTYPE hibernate-mapping PUBLIC "-//Hibernate/Hibernate Mapping DTD 3.0//EN"
"http://www.hibernate.org/dtd/hibernate-mapping-3.0.dtd">
<!-- Generated Nov 19, 2020 10:51:12 AM by Hibernate Tools 4.3.1 -->
<hibernate-mapping>
    <class name="com.pojos.Cliente" table="cliente" catalog="importadorapoe" optimistic-lock="version">
        <id name="idCliente" type="java.lang.Integer">
            <column name="id_cliente" />
            <generator class="identity" />
        </id>
        <many-to-one name="usuario" class="com.pojos.Usuario" fetch="select">
            <column name="id_usuario" not-null="true" />
        </many-to-one>
        <property name="nombreCliente" type="string">
            <column name="nombre_cliente" length="200" not-null="true" />
        </property>
        <property name="telefonoCliente" type="string">
            <column name="telefono_cliente" length="20" not-null="true" />
        </property>
        <property name="direccionCliente" type="string">
            <column name="direccion_cliente" length="200" not-null="true" />
        </property>
    </class>
</hibernate-mapping>
