<?xml version="1.0"?>
<!DOCTYPE hibernate-mapping PUBLIC "-//Hibernate/Hibernate Mapping DTD 3.0//EN"
"http://www.hibernate.org/dtd/hibernate-mapping-3.0.dtd">
<!-- Generated Nov 19, 2020 10:51:12 AM by Hibernate Tools 4.3.1 -->
<hibernate-mapping>
    <class name="com.pojos.Impuesto" table="impuesto" catalog="importadorapoe" optimistic-lock="version">
        <id name="idImpuesto" type="int">
            <column name="id_impuesto" />
            <generator class="assigned" />
        </id>
        <property name="nombre" type="string">
            <column name="nombre" length="30" not-null="true" />
        </property>
        <property name="valor" type="java.lang.Float">
            <column name="valor" precision="12" scale="0" />
        </property>
    </class>
</hibernate-mapping>
