<?xml version="1.0"?>
<!DOCTYPE hibernate-mapping PUBLIC "-//Hibernate/Hibernate Mapping DTD 3.0//EN"
"http://www.hibernate.org/dtd/hibernate-mapping-3.0.dtd">
<!-- Generated Nov 19, 2020 10:51:12 AM by Hibernate Tools 4.3.1 -->
<hibernate-mapping>
    <class name="com.pojos.Proveedor" table="proveedor" catalog="importadorapoe" optimistic-lock="version">
        <id name="idProveedor" type="java.lang.Integer">
            <column name="id_proveedor" />
            <generator class="identity" />
        </id>
        <many-to-one name="usuario" class="com.pojos.Usuario" fetch="select">
            <column name="id_usuario" not-null="true" />
        </many-to-one>
        <property name="nombreProveedor" type="string">
            <column name="nombre_proveedor" length="200" not-null="true" />
        </property>
        <property name="direccionProveedor" type="string">
            <column name="direccion_proveedor" length="200" not-null="true" />
        </property>
        <property name="telefonoProveedor" type="string">
            <column name="telefono_proveedor" length="20" not-null="true" />
        </property>
    </class>
</hibernate-mapping>
