<?xml version="1.0"?>
<!DOCTYPE hibernate-mapping PUBLIC "-//Hibernate/Hibernate Mapping DTD 3.0//EN"
"http://www.hibernate.org/dtd/hibernate-mapping-3.0.dtd">
<!-- Generated Nov 19, 2020 10:51:12 AM by Hibernate Tools 4.3.1 -->
<hibernate-mapping>
    <class name="com.pojos.Usuario" table="usuario" catalog="importadorapoe" optimistic-lock="version">
        <id name="idUsuario" type="java.lang.Integer">
            <column name="id_usuario" />
            <generator class="identity" />
        </id>
        <property name="nombreUsuario" type="string">
            <column name="nombre_usuario" length="200" not-null="true" />
        </property>
        <property name="correoUsuario" type="string">
            <column name="correo_usuario" length="200" not-null="true" />
        </property>
        <property name="contra" type="string">
            <column name="contra" length="128" not-null="true" />
        </property>
        <property name="tipoUsuario" type="int">
            <column name="tipo_usuario" not-null="true" />
        </property>
        <property name="foto" type="string">
            <column name="foto" length="150" not-null="true" />
        </property>
        <set name="detalleOfertas" table="detalle_oferta" inverse="true" lazy="true" fetch="select">
            <key>
                <column name="id_usuario" not-null="true" />
            </key>
            <one-to-many class="com.pojos.DetalleOferta" />
        </set>
        <set name="clientes" table="cliente" inverse="true" lazy="true" fetch="select">
            <key>
                <column name="id_usuario" not-null="true" />
            </key>
            <one-to-many class="com.pojos.Cliente" />
        </set>
        <set name="proveedors" table="proveedor" inverse="true" lazy="true" fetch="select">
            <key>
                <column name="id_usuario" not-null="true" />
            </key>
            <one-to-many class="com.pojos.Proveedor" />
        </set>
    </class>
</hibernate-mapping>
